2-BTP,CF3Br,CH4,N2,O2,P(atm),Su(cm/s),T,T(K),True_Su(m/s),agent,agent_volume_frac,index,mech,percent_error,phi
,0.0025,0.11577298050139276,0.6964902506963787,0.1852367688022284,1,19.562051055627677,2092.8381311559183,300,0.20992259488267945,CF3BR,0.0025,14,/scratch/westgroup/chlorination/git_hub/halogen-data/cantera/2-BTP/literature_mech/2-BTP_kinetics.cti,6.908054045755494,1.25
,,0.0730282375851996,0.7322297955209347,0.1947419668938656,1,25.404847665638915,1918.358507170101,300,0.25877753326751096,CF3BR,0,2,/scratch/westgroup/chlorination/git_hub/halogen-data/cantera/2-BTP/literature_mech/2-BTP_kinetics.cti,3.855489506665587,0.75
,0.01,0.094106463878327,0.707680608365019,0.188212927756654,1,6.984314884521744,2203.192875590147,300,0.07284646479002253,CF3BR,0.01,42,/scratch/westgroup/chlorination/git_hub/halogen-data/cantera/2-BTP/literature_mech/2-BTP_kinetics.cti,4.471065490671837,1
,,0.11606313834726091,0.6982358402971217,0.18570102135561747,1,35.365619345141006,2097.583937281537,300,0.3721517197127396,CF3BR,0,4,/scratch/westgroup/chlorination/git_hub/halogen-data/cantera/2-BTP/literature_mech/2-BTP_kinetics.cti,6.65397979609706,1.25
,0.02,0.0715676728334956,0.717585199610516,0.19084712755598832,1,2.3252398424194918,1887.1625264545337,300,0.024455978401238428,CF3BR,0.02,60,/scratch/westgroup/chlorination/git_hub/halogen-data/cantera/2-BTP/literature_mech/2-BTP_kinetics.cti,5.108629560311865,0.75
,0.015000000000000001,0.07193281402142163,0.7212463485881208,0.19182083739045766,1,2.77057788197504,1893.7350375789445,300,0.0289691176402026,CF3BR,0.015,50,/scratch/westgroup/chlorination/git_hub/halogen-data/cantera/2-BTP/literature_mech/2-BTP_kinetics.cti,4.451053773980754,0.75
,0.005000000000000001,0.1154828226555246,0.694744661095636,0.1847725162488394,1,12.65384704062829,2085.535265411581,300,0.1355835857912942,CF3BR,0.005,24,/scratch/westgroup/chlorination/git_hub/halogen-data/cantera/2-BTP/literature_mech/2-BTP_kinetics.cti,7.005185699027625,1.25
0.015000000000000001,,0.114322191272052,0.6877623026926648,0.1829155060352832,1,4.653672973443782,1938.86803840713,300,0.05011552108886733,BTP,0.015,53,/scratch/westgroup/chlorination/git_hub/halogen-data/cantera/2-BTP/literature_mech/2-BTP_kinetics.cti,7.408809422774492,1.25
0.007499999999999999,,0.11519266480965644,0.6929990714948931,0.1843082636954503,1,8.333028152243326,2016.5515584625516,300,0.08965110714967546,BTP,0.0075,33,/scratch/westgroup/chlorination/git_hub/halogen-data/cantera/2-BTP/literature_mech/2-BTP_kinetics.cti,7.589725753578299,1.25
0.02,,0.09315589353612166,0.7005323193916349,0.18631178707224333,1,4.75672136347611,2073.2711315828537,300,0.04986103997653863,BTP,0.02,61,/scratch/westgroup/chlorination/git_hub/halogen-data/cantera/2-BTP/literature_mech/2-BTP_kinetics.cti,4.836369965578605,1
0.01,,0.04940119760479042,0.7429940119760479,0.19760479041916168,1,1.6515888360219357,1731.4771662433702,300,0.01768321408376681,BTP,0.01,37,/scratch/westgroup/chlorination/git_hub/halogen-data/cantera/2-BTP/literature_mech/2-BTP_kinetics.cti,7.3765579137432,0.5
,,0.09505703422053233,0.714828897338403,0.19011406844106465,1,41.27303878492559,2225.687381555983,300,0.42872318053006025,CF3BR,0,3,/scratch/westgroup/chlorination/git_hub/halogen-data/cantera/2-BTP/literature_mech/2-BTP_kinetics.cti,3.885277637444483,1
0.015,,0.07193281402142163,0.7212463485881208,0.19182083739045766,1,5.1982950160844625,2188.8323861427875,300,0.054068758900916704,BTP,0.015,49,/scratch/westgroup/chlorination/git_hub/halogen-data/cantera/2-BTP/literature_mech/2-BTP_kinetics.cti,4.009925830063788,0.75
0.005000000000000001,,0.04965069860279442,0.7467465069860281,0.19860279441117767,1,1.2816444814129393,1603.7265873764802,300,0.013643359207019002,BTP,0.005,17,/scratch/westgroup/chlorination/git_hub/halogen-data/cantera/2-BTP/literature_mech/2-BTP_kinetics.cti,6.829743578955006,0.5
,0.007500000000000001,0.07248052580331062,0.7267380720545278,0.19328140214216163,1,4.5774617606497365,1901.9333412214667,300,0.04817044916278852,CF3BR,0.0075,30,/scratch/westgroup/chlorination/git_hub/halogen-data/cantera/2-BTP/literature_mech/2-BTP_kinetics.cti,5.43666493010238,0.75
0.020000000000000004,,0.048902195608782444,0.7354890219560879,0.19560878243512977,1,2.679553861728525,1962.4718855080896,300,0.028529761943917233,BTP,0.02,57,/scratch/westgroup/chlorination/git_hub/halogen-data/cantera/2-BTP/literature_mech/2-BTP_kinetics.cti,6.522400545452746,0.5
,0.01,0.07229795520934762,0.7249074975657253,0.19279454722492695,1,3.6036893239072407,1899.6403190852636,300,0.0373807126731898,CF3BR,0.01,40,/scratch/westgroup/chlorination/git_hub/halogen-data/cantera/2-BTP/literature_mech/2-BTP_kinetics.cti,3.7777292083645175,0.75
,0.020000000000000004,0.1137418755803157,0.6842711234911792,0.18198700092850512,1,4.916987996866444,2050.991512662409,300,0.05210119275645172,CF3BR,0.02,64,/scratch/westgroup/chlorination/git_hub/halogen-data/cantera/2-BTP/literature_mech/2-BTP_kinetics.cti,6.002501339346354,1.25
0.007500000000000001,,0.07248052580331062,0.7267380720545277,0.19328140214216163,1,6.090343666764672,2068.7586067990983,300,0.06315849200844237,BTP,0.0075,29,/scratch/westgroup/chlorination/git_hub/halogen-data/cantera/2-BTP/literature_mech/2-BTP_kinetics.cti,3.8602994687253536,0.75
,0.015000000000000001,0.09363117870722433,0.704106463878327,0.18726235741444866,1,5.491760907506356,2192.5978073129636,300,0.057520595804077035,CF3BR,0.015,52,/scratch/westgroup/chlorination/git_hub/halogen-data/cantera/2-BTP/literature_mech/2-BTP_kinetics.cti,4.92189059426478,1
,0.005,0.07266309639727363,0.7285686465433301,0.19376825705939632,1,6.72213565297427,1901.6327439670083,300,0.07092712389668104,CF3BR,0.005,20,/scratch/westgroup/chlorination/git_hub/halogen-data/cantera/2-BTP/literature_mech/2-BTP_kinetics.cti,5.542082872861992,0.75
,0.010000000000000002,0.1149025069637883,0.6912534818941505,0.18384401114206128,1,7.8209835525708025,2073.6680545676345,300,0.0831780253184508,CF3BR,0.01,44,/scratch/westgroup/chlorination/git_hub/halogen-data/cantera/2-BTP/literature_mech/2-BTP_kinetics.cti,6.087886865601904,1.25
,0.024999999999999998,0.07120253164556961,0.7139240506329113,0.18987341772151897,1,2.0366471973585694,1881.049256705541,300,0.021453097142357835,CF3BR,0.025,70,/scratch/westgroup/chlorination/git_hub/halogen-data/cantera/2-BTP/literature_mech/2-BTP_kinetics.cti,5.305308297600461,0.75
0.024999999999999994,,0.11316155988857939,0.6807799442896936,0.181058495821727,1,2.8642983623140026,1841.4001430344324,300,0.03054047154424938,BTP,0.025,73,/scratch/westgroup/chlorination/git_hub/halogen-data/cantera/2-BTP/literature_mech/2-BTP_kinetics.cti,6.750308007118448,1.25
0.01,,0.1149025069637883,0.6912534818941503,0.18384401114206128,1,6.565018032275663,1990.7785950444852,300,0.07032156569051624,BTP,0.01,43,/scratch/westgroup/chlorination/git_hub/halogen-data/cantera/2-BTP/literature_mech/2-BTP_kinetics.cti,7.030107947284485,1.25
,0.007499999999999999,0.04952594810379242,0.7448702594810379,0.19810379241516968,1,0.3973945381168301,1476.2802255734903,300,0.004154759342552737,CF3BR,0.0075,28,/scratch/westgroup/chlorination/git_hub/halogen-data/cantera/2-BTP/literature_mech/2-BTP_kinetics.cti,4.624458575643586,0.5
0.02,,0.07156767283349562,0.717585199610516,0.19084712755598832,1,4.963501885816714,2221.445306904043,300,0.0516528152298769,BTP,0.02,59,/scratch/westgroup/chlorination/git_hub/halogen-data/cantera/2-BTP/literature_mech/2-BTP_kinetics.cti,4.013121014859464,0.75
0.025,,0.024948822927328557,0.7504605936540428,0.19959058341862845,1,0.7009796460683678,1670.7465884456642,300,0.00756349924043659,BTP,0.025,65,/scratch/westgroup/chlorination/git_hub/halogen-data/cantera/2-BTP/literature_mech/2-BTP_kinetics.cti,8.156040268471457,0.25
,,0.0499001996007984,0.7504990019960079,0.1996007984031936,1,4.150955538218356,1475.894457208185,300,0.046986334142906296,CF3BR,0,1,/scratch/westgroup/chlorination/git_hub/halogen-data/cantera/2-BTP/literature_mech/2-BTP_kinetics.cti,12.024217146778275,0.5
,0.030000000000000002,0.07083739045764363,0.7102629016553068,0.18889970788704968,1,1.8090376661246865,1873.332060030484,300,0.01856332295870819,CF3BR,0.03,80,/scratch/westgroup/chlorination/git_hub/halogen-data/cantera/2-BTP/literature_mech/2-BTP_kinetics.cti,4.091348999230362,0.75
0.03,,0.02482088024564995,0.7466120777891504,0.1985670419651996,1,1.0431140043165927,1781.4379273841826,300,0.011365123215885824,BTP,0.03,75,/scratch/westgroup/chlorination/git_hub/halogen-data/cantera/2-BTP/literature_mech/2-BTP_kinetics.cti,8.992395154993496,0.25
0.0025,,0.11577298050139274,0.6964902506963787,0.18523676880222842,1,18.097756633982517,2069.0597603439164,300,0.19424240758866979,BTP,0.0025,13,/scratch/westgroup/chlorination/git_hub/halogen-data/cantera/2-BTP/literature_mech/2-BTP_kinetics.cti,7.257003450857083,1.25
0.030000000000000006,,0.04840319361277447,0.7279840319361279,0.19361277445109787,1,3.5424280928866283,2146.0605496791677,300,0.03594085078831214,BTP,0.03,77,/scratch/westgroup/chlorination/git_hub/halogen-data/cantera/2-BTP/literature_mech/2-BTP_kinetics.cti,1.8190828446872487,0.5
,0.005000000000000001,0.04965069860279442,0.746746506986028,0.19860279441117767,1,0.4533683453192671,1468.31825299764,300,0.004932229527018299,CF3BR,0.005,18,/scratch/westgroup/chlorination/git_hub/halogen-data/cantera/2-BTP/literature_mech/2-BTP_kinetics.cti,8.509101054581603,0.5
0.03,,0.1125812441968431,0.6772887650882079,0.18012999071494892,1,2.3327320499589734,1795.2329412837466,300,0.024740803736104326,BTP,0.03,83,/scratch/westgroup/chlorination/git_hub/halogen-data/cantera/2-BTP/literature_mech/2-BTP_kinetics.cti,6.76802388475118,1.25
,0.03,0.11258124419684308,0.6772887650882079,0.18012999071494892,1,3.74802270643534,2028.926523315238,300,0.03936351233048682,CF3BR,0.03,84,/scratch/westgroup/chlorination/git_hub/halogen-data/cantera/2-BTP/literature_mech/2-BTP_kinetics.cti,5.11892406141881,1.25
0.035,,0.0917300380228137,0.6898098859315589,0.1834600760456274,1,2.768957385377895,1921.519162697819,300,0.029020232310298502,BTP,0.035,91,/scratch/westgroup/chlorination/git_hub/halogen-data/cantera/2-BTP/literature_mech/2-BTP_kinetics.cti,4.982574511795264,1
0.025000000000000005,,0.09268060836501903,0.696958174904943,0.18536121673003805,1,3.9519142919348007,2021.077469692152,300,0.041701346022829565,BTP,0.025,71,/scratch/westgroup/chlorination/git_hub/halogen-data/cantera/2-BTP/literature_mech/2-BTP_kinetics.cti,5.418169615153319,1
,0.035,0.07047224926971764,0.7066017526777022,0.18792599805258037,1,1.6431217008771852,1867.384982879016,300,0.0169443973226296,CF3BR,0.035,90,/scratch/westgroup/chlorination/git_hub/halogen-data/cantera/2-BTP/literature_mech/2-BTP_kinetics.cti,4.691710146365777,0.75
,0.025,0.09268060836501901,0.6969581749049429,0.18536121673003803,1,4.173565687077509,2169.5470123673767,300,0.04303954302110071,CF3BR,0.025,72,/scratch/westgroup/chlorination/git_hub/halogen-data/cantera/2-BTP/literature_mech/2-BTP_kinetics.cti,3.9417039009458525,1
,0.035,0.0917300380228137,0.6898098859315589,0.1834600760456274,1,3.4141372257237483,2144.515751869709,300,0.03516291111116369,CF3BR,0.035,92,/scratch/westgroup/chlorination/git_hub/halogen-data/cantera/2-BTP/literature_mech/2-BTP_kinetics.cti,3.694642821284968,1
0.020000000000000004,,0.1137418755803157,0.6842711234911792,0.18198700092850512,1,3.5983932727733317,1889.5086144369184,300,0.03841631519380759,BTP,0.02,63,/scratch/westgroup/chlorination/git_hub/halogen-data/cantera/2-BTP/literature_mech/2-BTP_kinetics.cti,6.415490749222967,1.25
,0.035,0.11200092850510679,0.6737975858867224,0.17920148560817084,1,3.3521662956863216,2017.5349524009473,300,0.035178433639143476,CF3BR,0.035,94,/scratch/westgroup/chlorination/git_hub/halogen-data/cantera/2-BTP/literature_mech/2-BTP_kinetics.cti,4.973631613894454,1.25
,0.020000000000000004,0.048902195608782444,0.7354890219560879,0.19560878243512977,1,0.3209497240491131,1479.374875127764,300,0.0037326962407580005,CF3BR,0.02,58,/scratch/westgroup/chlorination/git_hub/halogen-data/cantera/2-BTP/literature_mech/2-BTP_kinetics.cti,14.346135310152183,0.5
0.04000000000000001,,0.02456499488229274,0.7389150460593655,0.1965199590583419,1,1.9132086306891904,1996.9571853661273,300,0.02057201065990643,BTP,0.04,95,/scratch/westgroup/chlorination/git_hub/halogen-data/cantera/2-BTP/literature_mech/2-BTP_kinetics.cti,7.853855774971306,0.25
,0.04000000000000001,0.07010710808179163,0.7029406037000974,0.18695228821811102,1,1.5103817761364848,1862.274536902719,300,0.015649465317429563,CF3BR,0.04,100,/scratch/westgroup/chlorination/git_hub/halogen-data/cantera/2-BTP/literature_mech/2-BTP_kinetics.cti,4.409544172680473,0.75
0.015000000000000003,,0.049151696606786435,0.739241516966068,0.19660678642714574,1,2.1131028277127006,1848.0002023961197,300,0.0228132551515189,BTP,0.015,47,/scratch/westgroup/chlorination/git_hub/halogen-data/cantera/2-BTP/literature_mech/2-BTP_kinetics.cti,8.196033390452202,0.5
0.03500000000000001,,0.024692937563971343,0.742763561924258,0.19754350051177075,1,1.475825014164926,1894.0410898291727,300,0.015941926350506872,BTP,0.035,85,/scratch/westgroup/chlorination/git_hub/halogen-data/cantera/2-BTP/literature_mech/2-BTP_kinetics.cti,7.756755087830841,0.25
0.01,,0.07229795520934762,0.7249074975657254,0.19279454722492698,1,5.478081197194952,2113.6210621362547,300,0.05750905797962312,BTP,0.01,39,/scratch/westgroup/chlorination/git_hub/halogen-data/cantera/2-BTP/literature_mech/2-BTP_kinetics.cti,5.272588298050076,0.75
0.04,,0.11142061281337048,0.6703064066852368,0.17827298050139276,1,1.6024844363860167,1711.9652969367837,300,0.01664047725659878,BTP,0.04,103,/scratch/westgroup/chlorination/git_hub/halogen-data/cantera/2-BTP/literature_mech/2-BTP_kinetics.cti,5.4896559443797575,1.25
,0.03,0.09220532319391636,0.693384030418251,0.18441064638783272,1,3.7680209347843574,2158.0489941391074,300,0.03898562689929986,CF3BR,0.03,82,/scratch/westgroup/chlorination/git_hub/halogen-data/cantera/2-BTP/literature_mech/2-BTP_kinetics.cti,3.65883286869884,1
0.04000000000000001,,0.09125475285171104,0.686235741444867,0.1825095057034221,1,2.3206808788171482,1872.1526838148309,300,0.02445237933428763,BTP,0.04,101,/scratch/westgroup/chlorination/git_hub/halogen-data/cantera/2-BTP/literature_mech/2-BTP_kinetics.cti,5.572101960224734,1
0.0024999999999999996,,0.07284566699123661,0.7303992210321324,0.19425511197663098,1,14.714597284083064,1968.2383772341025,300,0.15047926026162575,BTP,0.0025,9,/scratch/westgroup/chlorination/git_hub/halogen-data/cantera/2-BTP/literature_mech/2-BTP_kinetics.cti,2.8576906809746783,0.75
,0.0024999999999999996,0.049775449101796404,0.7486227544910179,0.19910179640718562,1,0.7467531951213788,1470.0281686210392,300,0.008082335807743745,CF3BR,0.0025,8,/scratch/westgroup/chlorination/git_hub/halogen-data/cantera/2-BTP/literature_mech/2-BTP_kinetics.cti,8.343713505107335,0.5
,0.04499999999999999,0.06974196689386562,0.6992794547224926,0.18597857838364165,1,1.385069934459416,1855.2669421425967,300,0.014269264669012873,CF3BR,0.045,110,/scratch/westgroup/chlorination/git_hub/halogen-data/cantera/2-BTP/literature_mech/2-BTP_kinetics.cti,4.266550830399285,0.75
0.015,,0.09363117870722434,0.704106463878327,0.1872623574144487,1,5.810350201906016,2126.561127056085,300,0.06172725127506594,BTP,0.015,51,/scratch/westgroup/chlorination/git_hub/halogen-data/cantera/2-BTP/literature_mech/2-BTP_kinetics.cti,6.201101899274405,1
0.045000000000000005,,0.11084029712163418,0.6668152274837512,0.17734447539461468,1,1.3455000089661635,1674.0991396516704,300,0.014272749356849421,BTP,0.045,113,/scratch/westgroup/chlorination/git_hub/halogen-data/cantera/2-BTP/literature_mech/2-BTP_kinetics.cti,6.735712290542395,1.25
0.044999999999999984,,0.06974196689386562,0.6992794547224926,0.18597857838364165,1,2.6188892381605053,1996.8753368840985,300,0.025968743443536165,BTP,0.045,109,/scratch/westgroup/chlorination/git_hub/halogen-data/cantera/2-BTP/literature_mech/2-BTP_kinetics.cti,1.1474775505527632,0.75
,0.04,0.11142061281337046,0.6703064066852367,0.17827298050139273,1,3.0343406635655046,2006.7678779282146,300,0.0319309685640844,CF3BR,0.04,104,/scratch/westgroup/chlorination/git_hub/halogen-data/cantera/2-BTP/literature_mech/2-BTP_kinetics.cti,5.114673998777885,1.25
0.019999999999999997,,0.02507676560900716,0.7543091095189354,0.2006141248720573,1,0.39011857227006735,1541.1263757593529,300,0.004568909794014933,BTP,0.02,55,/scratch/westgroup/chlorination/git_hub/halogen-data/cantera/2-BTP/literature_mech/2-BTP_kinetics.cti,16.963198334488943,0.25
0.007500000000000001,,0.09434410646387834,0.7094676806083651,0.18868821292775667,1,8.987820023432906,2204.908315606147,300,0.09398760726586876,BTP,0.0075,31,/scratch/westgroup/chlorination/git_hub/halogen-data/cantera/2-BTP/literature_mech/2-BTP_kinetics.cti,4.831269921306691,1
,0.015,0.04915169660678643,0.7392415169660679,0.1966067864271457,1,0.33007109291215153,1475.9724987936556,300,0.0036882724004155716,CF3BR,0.015,48,/scratch/westgroup/chlorination/git_hub/halogen-data/cantera/2-BTP/literature_mech/2-BTP_kinetics.cti,11.036222857655865,0.5
0.045,,0.024437052200614123,0.7350665301944728,0.195496417604913,1,2.261263021514327,2089.915898840672,300,0.02314295420471859,BTP,0.045,105,/scratch/westgroup/chlorination/git_hub/halogen-data/cantera/2-BTP/literature_mech/2-BTP_kinetics.cti,3.0005406250215434,0.25
,0.0025,0.07284566699123662,0.7303992210321325,0.19425511197663098,1,13.151863485294543,1909.8902414594356,300,0.1386772404184103,CF3BR,0.0025,10,/scratch/westgroup/chlorination/git_hub/halogen-data/cantera/2-BTP/literature_mech/2-BTP_kinetics.cti,5.71066671735531,0.75
0.05000000000000002,,0.09030418250950573,0.6790874524714829,0.18060836501901145,1,1.6126998288493677,1777.6048277800717,300,0.016630419451075178,BTP,0.05,121,/scratch/westgroup/chlorination/git_hub/halogen-data/cantera/2-BTP/literature_mech/2-BTP_kinetics.cti,4.483228317402249,1
,0.049999999999999996,0.06937682570593964,0.695618305744888,0.18500486854917236,1,1.2823070613595964,1849.2457669532234,300,0.013216671832752476,CF3BR,0.05,120,/scratch/westgroup/chlorination/git_hub/halogen-data/cantera/2-BTP/literature_mech/2-BTP_kinetics.cti,4.335669273789296,0.75
0.0025,,0.09481939163498099,0.713041825095057,0.18963878326996197,1,22.108166399481682,2234.3279522458224,300,0.23221349743502534,BTP,0.0025,11,/scratch/westgroup/chlorination/git_hub/halogen-data/cantera/2-BTP/literature_mech/2-BTP_kinetics.cti,5.067268182065724,1
0.05000000000000001,,0.11025998142989789,0.6633240482822655,0.1764159702878366,1,1.1348337738268865,1640.4744430865246,300,0.011728194811710346,BTP,0.05,123,/scratch/westgroup/chlorination/git_hub/halogen-data/cantera/2-BTP/literature_mech/2-BTP_kinetics.cti,5.124444466375386,1.25
,0.015000000000000001,0.114322191272052,0.6877623026926648,0.1829155060352832,1,5.908060773979167,2061.751009915544,300,0.06335684707694214,CF3BR,0.015,54,/scratch/westgroup/chlorination/git_hub/halogen-data/cantera/2-BTP/literature_mech/2-BTP_kinetics.cti,7.485019005752003,1.25
0.04999999999999999,,0.06937682570593962,0.6956183057448879,0.18500486854917234,1,2.2430623793897158,1949.198916878602,300,0.022234849308187865,BTP,0.05,119,/scratch/westgroup/chlorination/git_hub/halogen-data/cantera/2-BTP/literature_mech/2-BTP_kinetics.cti,1.112747370984436,0.75
,0.045000000000000005,0.11084029712163417,0.6668152274837512,0.17734447539461468,1,2.7503379380703707,1995.5937887177565,300,0.028803421395534195,CF3BR,0.045,114,/scratch/westgroup/chlorination/git_hub/halogen-data/cantera/2-BTP/literature_mech/2-BTP_kinetics.cti,4.842255056820636,1.25
0.024999999999999998,,0.07120253164556961,0.7139240506329113,0.18987341772151897,1,4.5482034277231325,2195.653851811733,300,0.04770156892153938,BTP,0.025,69,/scratch/westgroup/chlorination/git_hub/halogen-data/cantera/2-BTP/literature_mech/2-BTP_kinetics.cti,4.995290869334754,0.75
0.049999999999999996,,0.024309109518935515,0.7312180143295802,0.19447287615148412,1,2.4654942899693335,2162.995742546823,300,0.024913591178324593,BTP,0.05,115,/scratch/westgroup/chlorination/git_hub/halogen-data/cantera/2-BTP/literature_mech/2-BTP_kinetics.cti,1.3484219781183908,0.25
0.039999999999999994,,0.04790419161676646,0.7204790419161675,0.19161676646706585,1,3.4888608319165813,2197.6853421710985,300,0.03477670475055072,BTP,0.04,97,/scratch/westgroup/chlorination/git_hub/halogen-data/cantera/2-BTP/literature_mech/2-BTP_kinetics.cti,0.4449788104934103,0.5
,0.05,0.11025998142989786,0.6633240482822655,0.1764159702878366,1,2.5007177416883257,1983.9412721385957,300,0.02641947510947686,CF3BR,0.05,124,/scratch/westgroup/chlorination/git_hub/halogen-data/cantera/2-BTP/literature_mech/2-BTP_kinetics.cti,5.62157384698129,1.25
0.030000000000000002,,0.09220532319391636,0.693384030418251,0.18441064638783272,1,3.2995957027466187,1971.3391987897026,300,0.03496737013260129,BTP,0.03,81,/scratch/westgroup/chlorination/git_hub/halogen-data/cantera/2-BTP/literature_mech/2-BTP_kinetics.cti,6.009534799716878,1
0.045,,0.09077946768060836,0.6826615969581747,0.18155893536121673,1,1.9308606543007831,1824.896757675015,300,0.020237483195209034,BTP,0.045,111,/scratch/westgroup/chlorination/git_hub/halogen-data/cantera/2-BTP/literature_mech/2-BTP_kinetics.cti,5.573174994028778,1
,0.045000000000000005,0.09077946768060838,0.682661596958175,0.18155893536121676,1,2.85222348630198,2119.093608319878,300,0.02962673099515475,CF3BR,0.045,112,/scratch/westgroup/chlorination/git_hub/halogen-data/cantera/2-BTP/literature_mech/2-BTP_kinetics.cti,3.820525480554722,1
,0.05000000000000002,0.09030418250950571,0.679087452471483,0.18060836501901142,1,2.614330366944708,2105.113950221186,300,0.02716288297429499,CF3BR,0.05,122,/scratch/westgroup/chlorination/git_hub/halogen-data/cantera/2-BTP/literature_mech/2-BTP_kinetics.cti,3.767453499092848,1
0.05,,0.04740518962075849,0.7129740518962076,0.18962075848303395,1,2.753084921116052,2105.2266164581483,300,0.027436542534116704,BTP,0.05,117,/scratch/westgroup/chlorination/git_hub/halogen-data/cantera/2-BTP/literature_mech/2-BTP_kinetics.cti,0.4054695720302334,0.5
0.025,,0.04865269461077845,0.7317365269461079,0.1946107784431138,1,3.1635769973517145,2062.761663340684,300,0.03334697045088509,BTP,0.025,67,/scratch/westgroup/chlorination/git_hub/halogen-data/cantera/2-BTP/literature_mech/2-BTP_kinetics.cti,5.752603229586271,0.5
0.035,,0.07047224926971762,0.7066017526777021,0.18792599805258037,1,3.515118522287038,2096.942585496352,300,0.03487155449269766,BTP,0.035,89,/scratch/westgroup/chlorination/git_hub/halogen-data/cantera/2-BTP/literature_mech/2-BTP_kinetics.cti,1.027626490896165,0.75
,0.035,0.04815369261477046,0.7242315369261477,0.19261477045908185,1,0.31379270252189456,1492.543892992806,300,0.003610325513235179,CF3BR,0.035,88,/scratch/westgroup/chlorination/git_hub/halogen-data/cantera/2-BTP/literature_mech/2-BTP_kinetics.cti,15.771546218020385,0.5
,0.04000000000000001,0.09125475285171104,0.686235741444867,0.1825095057034221,1,3.1231811955828093,2131.9970967806053,300,0.03224392416724544,CF3BR,0.04,102,/scratch/westgroup/chlorination/git_hub/halogen-data/cantera/2-BTP/literature_mech/2-BTP_kinetics.cti,3.367602999393605,1
0.045,,0.04765469061876248,0.7167265469061876,0.1906187624750499,1,3.139658227228119,2153.28084545511,300,0.031275681406069074,BTP,0.045,107,/scratch/westgroup/chlorination/git_hub/halogen-data/cantera/2-BTP/literature_mech/2-BTP_kinetics.cti,0.47109151017341316,0.5
,0.049999999999999996,0.04740518962075848,0.7129740518962074,0.18962075848303392,1,0.30077248401131096,1499.6874723722333,300,0.0034918860418865867,CF3BR,0.05,118,/scratch/westgroup/chlorination/git_hub/halogen-data/cantera/2-BTP/literature_mech/2-BTP_kinetics.cti,16.379401580131876,0.5
0.04,,0.07010710808179163,0.7029406037000974,0.18695228821811102,1,3.042717429623138,2047.592844409309,300,0.030115589530469514,BTP,0.04,99,/scratch/westgroup/chlorination/git_hub/halogen-data/cantera/2-BTP/literature_mech/2-BTP_kinetics.cti,1.3737075104034915,0.75
,0.045,0.04765469061876247,0.7167265469061875,0.19061876247504989,1,0.3085390642608694,1498.96440481399,300,0.0035975376178451657,CF3BR,0.045,108,/scratch/westgroup/chlorination/git_hub/halogen-data/cantera/2-BTP/literature_mech/2-BTP_kinetics.cti,15.787718400421559,0.5
0.035,,0.11200092850510679,0.6737975858867224,0.17920148560817087,1,1.932676502217914,1753.7503375984659,300,0.02068995616729825,BTP,0.035,93,/scratch/westgroup/chlorination/git_hub/halogen-data/cantera/2-BTP/literature_mech/2-BTP_kinetics.cti,6.944969350134732,1.25
,0.024999999999999998,0.11316155988857939,0.6807799442896936,0.181058495821727,1,4.249566678887356,2040.2143948469404,300,0.04516712681750722,CF3BR,0.025,74,/scratch/westgroup/chlorination/git_hub/halogen-data/cantera/2-BTP/literature_mech/2-BTP_kinetics.cti,6.122412278849988,1.25
0.007500000000000001,,0.04952594810379242,0.7448702594810379,0.19810379241516968,1,1.4491924085928893,1669.7448994433537,300,0.015344418019517534,BTP,0.0075,27,/scratch/westgroup/chlorination/git_hub/halogen-data/cantera/2-BTP/literature_mech/2-BTP_kinetics.cti,6.1904913263817045,0.5
,0.02,0.09315589353612168,0.700532319391635,0.18631178707224336,1,4.722184932265386,2180.524741936061,300,0.049485362690505075,CF3BR,0.02,62,/scratch/westgroup/chlorination/git_hub/halogen-data/cantera/2-BTP/literature_mech/2-BTP_kinetics.cti,4.754577619229022,1
0.005,,0.09458174904942968,0.711254752851711,0.18916349809885935,1,12.20643943084955,2225.4056596806904,300,0.12615643847773303,BTP,0.005,21,/scratch/westgroup/chlorination/git_hub/halogen-data/cantera/2-BTP/literature_mech/2-BTP_kinetics.cti,3.68983245998138,1
,0.025,0.04865269461077845,0.7317365269461078,0.1946107784431138,1,0.31626401056802855,1482.6281348299349,300,0.0034110147671272376,CF3BR,0.025,68,/scratch/westgroup/chlorination/git_hub/halogen-data/cantera/2-BTP/literature_mech/2-BTP_kinetics.cti,9.975384446868837,0.5
0.035,,0.04815369261477046,0.7242315369261477,0.19261477045908185,1,3.6827317702016686,2199.1063744836674,300,0.03689063320914248,BTP,0.035,87,/scratch/westgroup/chlorination/git_hub/halogen-data/cantera/2-BTP/literature_mech/2-BTP_kinetics.cti,0.21617015879905138,0.5
,0.0025,0.07284566699123662,0.7303992210321325,0.19425511197663098,1,13.130267783024344,1910.4088554683333,300,0.1360170973282073,CF3BR,0.0025,10,/scratch/westgroup/chlorination/git_hub/halogen-data/cantera/2-BTP/literature_mech/2-BTP_kinetics.cti,4.400884801605937,0.75
,0.009999999999999998,0.04940119760479042,0.7429940119760479,0.19760479041916168,1,0.35972486937183695,1474.1141199191497,300,0.003997821659688384,CF3BR,0.01,38,/scratch/westgroup/chlorination/git_hub/halogen-data/cantera/2-BTP/literature_mech/2-BTP_kinetics.cti,10.523715184220876,0.5
0.005,,0.11548282265552462,0.694744661095636,0.18477251624883936,1,11.464918300539972,2042.8682374807443,300,0.12477703799111567,BTP,0.005,23,/scratch/westgroup/chlorination/git_hub/halogen-data/cantera/2-BTP/literature_mech/2-BTP_kinetics.cti,8.423147534767672,1.25
,0.030000000000000002,0.04840319361277446,0.7279840319361278,0.19361277445109784,1,0.31169513278371636,1487.0799430832699,300,0.0032880701149382466,CF3BR,0.03,78,/scratch/westgroup/chlorination/git_hub/halogen-data/cantera/2-BTP/literature_mech/2-BTP_kinetics.cti,8.20805534826159,0.5
,0.039999999999999994,0.04790419161676646,0.7204790419161675,0.19161676646706585,1,0.30954704780994036,1494.7800875319504,300,0.0035330817292950115,CF3BR,0.04,98,/scratch/westgroup/chlorination/git_hub/halogen-data/cantera/2-BTP/literature_mech/2-BTP_kinetics.cti,13.983212313024058,0.5
0.0025,,0.04977544910179642,0.7486227544910181,0.19910179640718567,1,1.431950882776333,1538.3634675855817,300,0.015319651364070552,BTP,0.0025,7,/scratch/westgroup/chlorination/git_hub/halogen-data/cantera/2-BTP/literature_mech/2-BTP_kinetics.cti,7.101229137626601,0.5
0.005,,0.02546059365404299,0.7658546571136131,0.20368474923234392,1,0.019433175374531923,1121.5451667099205,300,0.00022276075389250456,BTP,0.005,15,/scratch/westgroup/chlorination/git_hub/halogen-data/cantera/2-BTP/literature_mech/2-BTP_kinetics.cti,15.049656546585611,0.25
,0.0025,0.09481939163498099,0.713041825095057,0.18963878326996197,1,21.561827058176984,2218.623455922739,300,0.22378940684806722,CF3BR,0.0025,12,/scratch/westgroup/chlorination/git_hub/halogen-data/cantera/2-BTP/literature_mech/2-BTP_kinetics.cti,4.024564240301687,1
0.010000000000000002,,0.09410646387832701,0.707680608365019,0.18821292775665402,1,7.514192467482594,2180.1361413381483,300,0.08025614767340994,BTP,0.01,41,/scratch/westgroup/chlorination/git_hub/halogen-data/cantera/2-BTP/literature_mech/2-BTP_kinetics.cti,6.763641200770454,1
0.015,,0.025204708290685773,0.758157625383828,0.2016376663254862,1,0.1733196773598223,1399.6512746878204,300,0.002162098729078042,BTP,0.015,45,/scratch/westgroup/chlorination/git_hub/halogen-data/cantera/2-BTP/literature_mech/2-BTP_kinetics.cti,21.664863321844336,0.25
,,0.0255885363357216,0.7697031729785055,0.2047082906857728,1,0.014628634874939463,951.0365977125983,300,0.00016492176110755684,CF3BR,0,0,/scratch/westgroup/chlorination/git_hub/halogen-data/cantera/2-BTP/literature_mech/2-BTP_kinetics.cti,13.087905188708293,0.25
0.030000000000000002,,0.07083739045764363,0.7102629016553068,0.18889970788704968,1,4.0427103420034385,2146.8583228288885,300,0.042330290663768665,BTP,0.03,79,/scratch/westgroup/chlorination/git_hub/halogen-data/cantera/2-BTP/literature_mech/2-BTP_kinetics.cti,5.0704362873003825,0.75
0.0024999999999999996,,0.07284566699123661,0.7303992210321324,0.19425511197663098,1,14.67747153256845,1968.543900777456,300,0.15164129898883688,BTP,0.0025,9,/scratch/westgroup/chlorination/git_hub/halogen-data/cantera/2-BTP/literature_mech/2-BTP_kinetics.cti,3.5450131322336267,0.75
0.005,,0.07266309639727361,0.7285686465433301,0.1937682570593963,1,,2030.363065610806,300,,BTP,0.005,19,/scratch/westgroup/chlorination/git_hub/halogen-data/cantera/2-BTP/literature_mech/2-BTP_kinetics.cti,,0.75
,0.02,0.025076765609007165,0.7543091095189355,0.20061412487205732,1,,1591.2136339265278,300,,CF3BR,0.02,56,/scratch/westgroup/chlorination/git_hub/halogen-data/cantera/2-BTP/literature_mech/2-BTP_kinetics.cti,,0.25
,0.035,0.02469293756397134,0.742763561924258,0.19754350051177072,1,0.006163748915667456,1061.77307375525,300,4.0320759532821064e-05,CF3BR,0.035,86,/scratch/westgroup/chlorination/git_hub/halogen-data/cantera/2-BTP/literature_mech/2-BTP_kinetics.cti,68.77271586048585,0.25
0.007499999999999998,,0.025396622313203682,0.7639303991811668,0.20317297850562946,1,0.0404003094274598,1199.3008400535339,300,0.00043108866057917165,BTP,0.0075,25,/scratch/westgroup/chlorination/git_hub/halogen-data/cantera/2-BTP/literature_mech/2-BTP_kinetics.cti,11.909348940249622,0.25
,0.0075,0.09434410646387834,0.7094676806083651,0.18868821292775667,1,8.480715807836274,2208.3336821227876,300,0.09141542127006827,CF3BR,0.0075,32,/scratch/westgroup/chlorination/git_hub/halogen-data/cantera/2-BTP/literature_mech/2-BTP_kinetics.cti,7.821080666136275,1
0.0025,,0.025524564994882294,0.7677789150460594,0.20419651995905835,1,0.008105003221743906,1038.5095978287482,300,8.611585874346746e-05,BTP,0.0025,5,/scratch/westgroup/chlorination/git_hub/halogen-data/cantera/2-BTP/literature_mech/2-BTP_kinetics.cti,6.682414742831137,0.25
,0.005,0.09458174904942966,0.7112547528517111,0.18916349809885932,1,,2218.181840099776,300,,CF3BR,0.005,22,/scratch/westgroup/chlorination/git_hub/halogen-data/cantera/2-BTP/literature_mech/2-BTP_kinetics.cti,,1
,0.007499999999999998,0.11519266480965644,0.6929990714948931,0.1843082636954503,1,,2062.4498142087195,300,,CF3BR,0.0075,34,/scratch/westgroup/chlorination/git_hub/halogen-data/cantera/2-BTP/literature_mech/2-BTP_kinetics.cti,,1.25
,0.005,0.02546059365404299,0.7658546571136131,0.20368474923234392,1,0.0005975054147960607,946.6009295543669,300,0.30000000169598096,CF3BR,0.005,16,/scratch/westgroup/chlorination/git_hub/halogen-data/cantera/2-BTP/literature_mech/2-BTP_kinetics.cti,8.660420874942231e-07,0.25
,0.01,0.02533265097236438,0.7620061412487206,0.20266120777891505,1,,1536.973573389962,300,,CF3BR,0.01,36,/scratch/westgroup/chlorination/git_hub/halogen-data/cantera/2-BTP/literature_mech/2-BTP_kinetics.cti,,0.25
,0.015000000000000001,0.025204708290685773,0.758157625383828,0.2016376663254862,1,,1324.2470263088017,300,,CF3BR,0.015,46,/scratch/westgroup/chlorination/git_hub/halogen-data/cantera/2-BTP/literature_mech/2-BTP_kinetics.cti,,0.25
0.009999999999999998,,0.02533265097236438,0.7620061412487206,0.20266120777891505,1,0.07164190415406811,1270.2745775708818,300,0.0007942087285530214,BTP,0.01,35,/scratch/westgroup/chlorination/git_hub/halogen-data/cantera/2-BTP/literature_mech/2-BTP_kinetics.cti,11.047171127466338,0.25
,0.0024999999999999996,0.025524564994882294,0.7677789150460593,0.20419651995905835,1,,1051.4839986316165,300,,CF3BR,0.0025,6,/scratch/westgroup/chlorination/git_hub/halogen-data/cantera/2-BTP/literature_mech/2-BTP_kinetics.cti,,0.25
,0.007499999999999999,0.025396622313203686,0.7639303991811669,0.2031729785056295,1,,1237.6335387231122,300,,CF3BR,0.0075,26,/scratch/westgroup/chlorination/git_hub/halogen-data/cantera/2-BTP/literature_mech/2-BTP_kinetics.cti,,0.25
,0.03,0.02482088024564995,0.7466120777891504,0.1985670419651996,1,,1149.8897299975358,300,,CF3BR,0.03,76,/scratch/westgroup/chlorination/git_hub/halogen-data/cantera/2-BTP/literature_mech/2-BTP_kinetics.cti,,0.25
,0.025,0.024948822927328557,0.7504605936540429,0.19959058341862845,1,,1266.7244986189414,300,,CF3BR,0.025,66,/scratch/westgroup/chlorination/git_hub/halogen-data/cantera/2-BTP/literature_mech/2-BTP_kinetics.cti,,0.25
,0.04,0.024564994882292735,0.7389150460593654,0.19651995905834188,1,,1297.920231907315,300,,CF3BR,0.04,96,/scratch/westgroup/chlorination/git_hub/halogen-data/cantera/2-BTP/literature_mech/2-BTP_kinetics.cti,,0.25
,,0.07751937984496125,0.7286821705426356,0.1937984496124031,1,29.638034401412135,1994.63620461832,300,0.29786110180237624,CF3BR,0,2,/scratch/westgroup/chlorination/git_hub/halogen-data/cantera/2-BTP/literature_mech/2-BTP_kinetics.cti,2.5459537216847044,0.8
,,0.08637236084452976,0.7216890595009597,0.19193857965451058,1,36.73061284652283,2134.3384087635695,300,0.37724513294661655,CF3BR,0,3,/scratch/westgroup/chlorination/git_hub/halogen-data/cantera/2-BTP/literature_mech/2-BTP_kinetics.cti,3.238289044309372,0.9
,0.007499999999999998,0.06797945205479451,0.7302935420743639,0.1942270058708415,1,3.436487897344245,1819.6822166806778,300,0.036229337333819556,CF3BR,0.0075,33,/scratch/westgroup/chlorination/git_hub/halogen-data/cantera/2-BTP/literature_mech/2-BTP_kinetics.cti,5.432547375482449,0.7
,,0.10357815442561207,0.7080979284369114,0.18832391713747645,1,42.24244891314397,2213.544930843956,300,0.44037973704620836,CF3BR,0,4,/scratch/westgroup/chlorination/git_hub/halogen-data/cantera/2-BTP/literature_mech/2-BTP_kinetics.cti,4.302612411958993,1.1
,,0.1119402985074627,0.7014925373134329,0.1865671641791045,1,38.76151487076129,2137.6940483207077,300,0.4128292052241858,CF3BR,0,5,/scratch/westgroup/chlorination/git_hub/halogen-data/cantera/2-BTP/literature_mech/2-BTP_kinetics.cti,6.431854801690957,1.2
0.007500000000000001,,0.05884387351778656,0.7375098814229248,0.19614624505928854,1,3.264160535605259,1838.6734777303304,300,0.03428281191621848,BTP,0.0075,30,/scratch/westgroup/chlorination/git_hub/halogen-data/cantera/2-BTP/literature_mech/2-BTP_kinetics.cti,5.236365785294909,0.6
,,0.0684931506849315,0.7358121330724071,0.19569471624266147,1,20.760145673743498,1836.0201681302788,300,0.21476271895009205,CF3BR,0,1,/scratch/westgroup/chlorination/git_hub/halogen-data/cantera/2-BTP/literature_mech/2-BTP_kinetics.cti,5.335966316370173,0.7
0.005000000000000001,,0.05899209486166008,0.7393675889328064,0.19664031620553363,1,3.714121749204179,1779.1283013154098,300,0.038837855248715566,BTP,0.005,18,/scratch/westgroup/chlorination/git_hub/halogen-data/cantera/2-BTP/literature_mech/2-BTP_kinetics.cti,4.571634790268141,0.6
,0.01,0.058695652173913045,0.7356521739130435,0.1956521739130435,1,1.1699080513399895,1648.0127148715103,300,0.013281410729183438,CF3BR,0.01,43,/scratch/westgroup/chlorination/git_hub/halogen-data/cantera/2-BTP/literature_mech/2-BTP_kinetics.cti,14.618041346305692,0.6
,,0.05928853754940712,0.7430830039525691,0.1976284584980237,1,11.453000135417438,1660.5624484359803,300,0.12422883601002148,CF3BR,0,0,/scratch/westgroup/chlorination/git_hub/halogen-data/cantera/2-BTP/literature_mech/2-BTP_kinetics.cti,9.051444450361794,0.6
0.0075,,0.11110074626865672,0.6962313432835822,0.1851679104477612,1,8.886296059245703,2054.904273544647,300,0.09533225051911406,BTP,0.0075,40,/scratch/westgroup/chlorination/git_hub/halogen-data/cantera/2-BTP/literature_mech/2-BTP_kinetics.cti,6.966142765256833,1.2
,0.0024999999999999996,0.10331920903954801,0.7063276836158191,0.18785310734463276,1,22.481406848214,2206.1097936620986,300,0.23568031985316057,CF3BR,0.0025,15,/scratch/westgroup/chlorination/git_hub/halogen-data/cantera/2-BTP/literature_mech/2-BTP_kinetics.cti,4.7973677225118365,1.1
,0.007499999999999999,0.11110074626865672,0.696231343283582,0.1851679104477612,1,9.76995730994508,2117.1987757456277,300,0.10354654448101586,CF3BR,0.0075,41,/scratch/westgroup/chlorination/git_hub/halogen-data/cantera/2-BTP/literature_mech/2-BTP_kinetics.cti,5.9901456660769545,1.2
,0.005,0.058992094861660085,0.7393675889328063,0.19664031620553363,1,2.018272521206379,1650.2371012853494,300,0.021204095823252868,CF3BR,0.005,19,/scratch/westgroup/chlorination/git_hub/halogen-data/cantera/2-BTP/literature_mech/2-BTP_kinetics.cti,5.3787470386856695,0.6
,0.0075,0.10280131826741998,0.7027871939736346,0.1869114877589454,1,9.452200468468803,2190.4281389643197,300,0.09910855832916789,CF3BR,0.0075,39,/scratch/westgroup/chlorination/git_hub/halogen-data/cantera/2-BTP/literature_mech/2-BTP_kinetics.cti,4.805325371206285,1.1
,0.007500000000000001,0.05884387351778656,0.7375098814229248,0.19614624505928854,1,1.4351886844825432,1648.9456925365455,300,0.015549673909168315,CF3BR,0.0075,31,/scratch/westgroup/chlorination/git_hub/halogen-data/cantera/2-BTP/literature_mech/2-BTP_kinetics.cti,8.769308757137448,0.6
,0.01,0.06780821917808219,0.728454011741683,0.19373776908023488,1,2.7493603328260576,1818.1885629133826,300,0.02881715560649605,CF3BR,0.01,45,/scratch/westgroup/chlorination/git_hub/halogen-data/cantera/2-BTP/literature_mech/2-BTP_kinetics.cti,4.751274421134942,0.7
0.01,,0.05869565217391304,0.7356521739130435,0.1956521739130435,1,3.2096713408725024,1896.1771532003045,300,0.03385994948231701,BTP,0.01,42,/scratch/westgroup/chlorination/git_hub/halogen-data/cantera/2-BTP/literature_mech/2-BTP_kinetics.cti,5.60401194399706,0.6
0.0075,,0.07693798449612403,0.7232170542635659,0.19234496124031006,1,6.843326908748369,2133.6493755584324,300,0.07100840408065123,BTP,0.0075,34,/scratch/westgroup/chlorination/git_hub/halogen-data/cantera/2-BTP/literature_mech/2-BTP_kinetics.cti,3.7304548494253784,0.8
0.005,,0.06815068493150685,0.7321330724070451,0.19471624266144816,1,6.80935996864344,1944.450783369771,300,0.06898859731196055,BTP,0.005,20,/scratch/westgroup/chlorination/git_hub/halogen-data/cantera/2-BTP/literature_mech/2-BTP_kinetics.cti,3.6962535867307764,0.7
,0.0025,0.0683219178082192,0.7339726027397262,0.19520547945205485,1,10.324489069657213,1827.1932958475136,300,0.10861065459059223,CF3BR,0.0025,9,/scratch/westgroup/chlorination/git_hub/halogen-data/cantera/2-BTP/literature_mech/2-BTP_kinetics.cti,5.225820598651933,0.7
0.005,,0.11138059701492536,0.6979850746268657,0.18563432835820895,1,12.329319327733966,2082.717510417142,300,0.13133499413903674,BTP,0.005,28,/scratch/westgroup/chlorination/git_hub/halogen-data/cantera/2-BTP/literature_mech/2-BTP_kinetics.cti,6.534355252286804,1.2
,0.01,0.10254237288135597,0.7010169491525424,0.18644067796610173,1,7.71712345295337,2182.812364256432,300,0.08084849191455146,CF3BR,0.01,51,/scratch/westgroup/chlorination/git_hub/halogen-data/cantera/2-BTP/literature_mech/2-BTP_kinetics.cti,4.686481789914288,1.1
0.015,,0.058399209486166,0.7319367588932806,0.19466403162055335,1,3.474588215475263,2006.0774016234973,300,0.03633120773711882,BTP,0.015,54,/scratch/westgroup/chlorination/git_hub/halogen-data/cantera/2-BTP/literature_mech/2-BTP_kinetics.cti,4.940399341290195,0.6
,0.01,0.07674418604651165,0.7213953488372092,0.19186046511627908,1,4.414778324311349,1975.5479611532278,300,0.0452055768671402,CF3BR,0.01,47,/scratch/westgroup/chlorination/git_hub/halogen-data/cantera/2-BTP/literature_mech/2-BTP_kinetics.cti,3.0156865684260103,0.8
,0.0025000000000000005,0.0591403162055336,0.7412252964426879,0.19713438735177868,1,4.550251191836596,1657.2244347481658,300,0.05009211625841332,CF3BR,0.0025,7,/scratch/westgroup/chlorination/git_hub/halogen-data/cantera/2-BTP/literature_mech/2-BTP_kinetics.cti,10.678603077639464,0.6
0.01,,0.10254237288135595,0.7010169491525424,0.18644067796610173,1,7.521228202447591,2104.888231175172,300,0.07971408302200632,BTP,0.01,50,/scratch/westgroup/chlorination/git_hub/halogen-data/cantera/2-BTP/literature_mech/2-BTP_kinetics.cti,5.734242606629231,1.1
,0.015000000000000001,0.06746575342465755,0.7247749510763211,0.19275929549902157,1,2.0796449110346718,1812.7866142891462,300,0.02192264718246253,CF3BR,0.015,57,/scratch/westgroup/chlorination/git_hub/halogen-data/cantera/2-BTP/literature_mech/2-BTP_kinetics.cti,5.451704257395954,0.7
,0.015000000000000001,0.05839920948616601,0.7319367588932807,0.19466403162055337,1,0.9362718116639089,1649.3883093689963,300,0.01001401209419082,CF3BR,0.015,55,/scratch/westgroup/chlorination/git_hub/halogen-data/cantera/2-BTP/literature_mech/2-BTP_kinetics.cti,6.628519913566436,0.6
0.0025000000000000005,,0.0591403162055336,0.7412252964426879,0.19713438735177868,1,6.114969797373003,1717.6789257106907,300,0.06307686397558133,BTP,0.0025,6,/scratch/westgroup/chlorination/git_hub/halogen-data/cantera/2-BTP/literature_mech/2-BTP_kinetics.cti,6.716460127055034,0.6
,0.005000000000000001,0.06815068493150686,0.7321330724070452,0.19471624266144819,1,5.136219635665626,1823.2540185264618,300,0.05374866334424965,CF3BR,0.005,21,/scratch/westgroup/chlorination/git_hub/halogen-data/cantera/2-BTP/literature_mech/2-BTP_kinetics.cti,4.719514705728644,0.7
0.015,,0.11026119402985074,0.6909701492537312,0.1837686567164179,1,5.007033651775489,1975.8702735709228,300,0.05346249351007433,BTP,0.015,64,/scratch/westgroup/chlorination/git_hub/halogen-data/cantera/2-BTP/literature_mech/2-BTP_kinetics.cti,6.479822228089046,1.2
,0.020000000000000004,0.05810276679841898,0.7282213438735179,0.19367588932806326,1,0.8195047881057537,1642.5504017449725,300,0.00864103112316438,CF3BR,0.02,67,/scratch/westgroup/chlorination/git_hub/halogen-data/cantera/2-BTP/literature_mech/2-BTP_kinetics.cti,5.199822822297322,0.6
0.01,,0.11082089552238807,0.6944776119402986,0.18470149253731344,1,6.980204252676008,2027.4823492478781,300,0.07415552756883921,BTP,0.01,52,/scratch/westgroup/chlorination/git_hub/halogen-data/cantera/2-BTP/literature_mech/2-BTP_kinetics.cti,6.366190983459303,1.2
,0.02,0.06712328767123289,0.721095890410959,0.19178082191780826,1,1.7500833828394469,1807.9466955111825,300,0.01818373049077345,CF3BR,0.02,69,/scratch/westgroup/chlorination/git_hub/halogen-data/cantera/2-BTP/literature_mech/2-BTP_kinetics.cti,4.7482502325918,0.7
0.020000000000000004,,0.05810276679841898,0.7282213438735179,0.19367588932806326,1,3.8493930209138765,2100.4255347924986,300,0.04004383357136038,BTP,0.02,66,/scratch/westgroup/chlorination/git_hub/halogen-data/cantera/2-BTP/literature_mech/2-BTP_kinetics.cti,4.529461079514802,0.6
0.01,,0.07674418604651163,0.7213953488372092,0.19186046511627905,1,6.074287797394665,2171.582152694524,300,0.06292244309619481,BTP,0.01,46,/scratch/westgroup/chlorination/git_hub/halogen-data/cantera/2-BTP/literature_mech/2-BTP_kinetics.cti,3.6179615081721703,0.8
0.004999999999999999,,0.07713178294573643,0.7250387596899225,0.19282945736434107,1,9.235619984728272,2087.1325828720674,300,0.09443318962428732,BTP,0.005,22,/scratch/westgroup/chlorination/git_hub/halogen-data/cantera/2-BTP/literature_mech/2-BTP_kinetics.cti,3.308537466940473,0.8
,0.015,0.08507677543186182,0.7108637236084453,0.1890595009596929,1,4.638415075083387,2105.1123856153777,300,0.048413086922063794,CF3BR,0.015,61,/scratch/westgroup/chlorination/git_hub/halogen-data/cantera/2-BTP/literature_mech/2-BTP_kinetics.cti,4.555420303387979,0.9
0.01,,0.06780821917808219,0.728454011741683,0.19373776908023485,1,4.769520943929082,2046.74848687999,300,0.04999988956055025,BTP,0.01,44,/scratch/westgroup/chlorination/git_hub/halogen-data/cantera/2-BTP/literature_mech/2-BTP_kinetics.cti,5.140856520869322,0.7
,0.015,0.10202448210922789,0.6974764595103577,0.18549905838041433,1,5.952857692869416,2167.692376554707,300,0.062207228906650175,CF3BR,0.015,63,/scratch/westgroup/chlorination/git_hub/halogen-data/cantera/2-BTP/literature_mech/2-BTP_kinetics.cti,4.58429899695447,1.1
0.015000000000000003,,0.07635658914728684,0.7177519379844962,0.19089147286821706,1,5.530443006504377,2220.6291251754205,300,0.0575211484584901,BTP,0.015,58,/scratch/westgroup/chlorination/git_hub/halogen-data/cantera/2-BTP/literature_mech/2-BTP_kinetics.cti,3.9543007268829955,0.8
,0.025000000000000005,0.06678082191780824,0.717416829745597,0.19080234833659496,1,1.5325371837550743,1802.7869377635463,300,0.015911347873229897,CF3BR,0.025,81,/scratch/westgroup/chlorination/git_hub/halogen-data/cantera/2-BTP/literature_mech/2-BTP_kinetics.cti,4.474268449591181,0.7
0.02,,0.06712328767123289,0.721095890410959,0.19178082191780826,1,4.728656730995105,2200.8599143189567,300,0.04956063837472918,BTP,0.02,68,/scratch/westgroup/chlorination/git_hub/halogen-data/cantera/2-BTP/literature_mech/2-BTP_kinetics.cti,4.933178469063491,0.7
0.02,,0.10150659133709983,0.6939359698681732,0.18455743879472694,1,4.357853987210087,1998.2488304659996,300,0.0464846231976393,BTP,0.02,74,/scratch/westgroup/chlorination/git_hub/halogen-data/cantera/2-BTP/literature_mech/2-BTP_kinetics.cti,6.425897292072076,1.1
,0.025000000000000005,0.07558139534883722,0.7104651162790698,0.18895348837209305,1,2.578440495283483,1956.4591654985998,300,0.02685600528432102,CF3BR,0.025,83,/scratch/westgroup/chlorination/git_hub/halogen-data/cantera/2-BTP/literature_mech/2-BTP_kinetics.cti,4.338804970908715,0.8
,0.02,0.07596899224806201,0.714108527131783,0.18992248062015504,1,2.9169048284073167,1963.9988413725268,300,0.030457406044258974,CF3BR,0.02,71,/scratch/westgroup/chlorination/git_hub/halogen-data/cantera/2-BTP/literature_mech/2-BTP_kinetics.cti,4.501183368641977,0.8
0.0075,,0.06797945205479453,0.730293542074364,0.19422700587084152,1,5.237169801088297,1998.9922529525315,300,0.054679041719113815,BTP,0.0075,32,/scratch/westgroup/chlorination/git_hub/halogen-data/cantera/2-BTP/literature_mech/2-BTP_kinetics.cti,4.525913938181964,0.7
0.0025,,0.07732558139534884,0.7268604651162791,0.1933139534883721,1,17.011316118343984,2041.7084152282955,300,0.1750046211582846,BTP,0.0025,10,/scratch/westgroup/chlorination/git_hub/halogen-data/cantera/2-BTP/literature_mech/2-BTP_kinetics.cti,3.189519555513463,0.8
0.009999999999999998,,0.08550863723608444,0.71447216890595,0.19001919385796545,1,6.977314847586516,2228.771413067665,300,0.07339745521745059,BTP,0.01,48,/scratch/westgroup/chlorination/git_hub/halogen-data/cantera/2-BTP/literature_mech/2-BTP_kinetics.cti,5.15577534490074,0.9
0.025000000000000005,,0.10098870056497178,0.6903954802259887,0.18361581920903958,1,3.54154520995534,1948.120773465995,300,0.037313067800286474,BTP,0.025,86,/scratch/westgroup/chlorination/git_hub/halogen-data/cantera/2-BTP/literature_mech/2-BTP_kinetics.cti,5.497694444489474,1.1
0.0025,,0.06832191780821918,0.7339726027397262,0.19520547945205483,1,12.044573938331979,1889.8387791611474,300,0.12512323322713906,BTP,0.0025,8,/scratch/westgroup/chlorination/git_hub/halogen-data/cantera/2-BTP/literature_mech/2-BTP_kinetics.cti,4.355988809659489,0.7
0.025,,0.10914179104477613,0.683955223880597,0.18190298507462688,1,3.0938198567199047,1875.799245219867,300,0.03263286566453493,BTP,0.025,88,/scratch/westgroup/chlorination/git_hub/halogen-data/cantera/2-BTP/literature_mech/2-BTP_kinetics.cti,5.430708656284175,1.2
,0.0075,0.08572456813819578,0.7162763915547025,0.1904990403071017,1,7.244074677282443,2115.2981247435973,300,0.0756645067732016,CF3BR,0.0075,37,/scratch/westgroup/chlorination/git_hub/halogen-data/cantera/2-BTP/literature_mech/2-BTP_kinetics.cti,4.562691397309205,0.9
,0.02,0.10150659133709981,0.6939359698681733,0.18455743879472694,1,5.017189132976329,2153.1343595400626,300,0.05281057723382805,CF3BR,0.02,75,/scratch/westgroup/chlorination/git_hub/halogen-data/cantera/2-BTP/literature_mech/2-BTP_kinetics.cti,5.2961977110371565,1.1
,0.025000000000000005,0.10914179104477614,0.6839552238805972,0.1819029850746269,1,4.319050015686705,2073.295917080221,300,0.04569197640783898,CF3BR,0.025,89,/scratch/westgroup/chlorination/git_hub/halogen-data/cantera/2-BTP/literature_mech/2-BTP_kinetics.cti,5.703383216089263,1.2
,0.0024999999999999996,0.07732558139534884,0.726860465116279,0.1933139534883721,1,15.687176112715479,1987.2714372250875,300,0.1619342035225842,CF3BR,0.0025,11,/scratch/westgroup/chlorination/git_hub/halogen-data/cantera/2-BTP/literature_mech/2-BTP_kinetics.cti,4.280774747099871,0.8
,0.004999999999999999,0.07713178294573643,0.7250387596899224,0.19282945736434107,1,8.228667693623324,1981.89406376795,300,0.08715514944047731,CF3BR,0.005,23,/scratch/westgroup/chlorination/git_hub/halogen-data/cantera/2-BTP/literature_mech/2-BTP_kinetics.cti,5.937212194741349,0.8
0.025000000000000005,,0.08421305182341653,0.7036468330134357,0.1871401151631478,1,4.2469975081439415,2094.5298838756894,300,0.04483230935976943,BTP,0.025,84,/scratch/westgroup/chlorination/git_hub/halogen-data/cantera/2-BTP/literature_mech/2-BTP_kinetics.cti,5.513252160979155,0.9
,0.014999999999999998,0.11026119402985074,0.6909701492537313,0.18376865671641793,1,6.022134589032415,2099.1366239323374,300,0.06442146430250194,CF3BR,0.015,65,/scratch/westgroup/chlorination/git_hub/halogen-data/cantera/2-BTP/literature_mech/2-BTP_kinetics.cti,7.172302115533674,1.2
,0.030000000000000006,0.06643835616438358,0.713737769080235,0.18982387475538165,1,1.3666477372986587,1797.9649237665735,300,0.014317012262255329,CF3BR,0.03,93,/scratch/westgroup/chlorination/git_hub/halogen-data/cantera/2-BTP/literature_mech/2-BTP_kinetics.cti,5.042379396868676,0.7
,0.025000000000000005,0.10098870056497178,0.6903954802259888,0.18361581920903958,1,4.371862014945241,2138.3107471167214,300,0.04593002060863455,CF3BR,0.025,87,/scratch/westgroup/chlorination/git_hub/halogen-data/cantera/2-BTP/literature_mech/2-BTP_kinetics.cti,5.112497083129753,1.1
0.015000000000000001,,0.0850767754318618,0.7108637236084452,0.1890595009596929,1,5.8251131686925355,2198.2890488392745,300,0.06107509343113755,BTP,0.015,60,/scratch/westgroup/chlorination/git_hub/halogen-data/cantera/2-BTP/literature_mech/2-BTP_kinetics.cti,4.670760416780376,0.9
0.02,,0.07596899224806201,0.7141085271317829,0.18992248062015502,1,5.040876020963282,2210.3222500315965,300,0.05271536395658317,BTP,0.02,70,/scratch/westgroup/chlorination/git_hub/halogen-data/cantera/2-BTP/literature_mech/2-BTP_kinetics.cti,4.435596412961827,0.8
0.025000000000000005,,0.06678082191780822,0.717416829745597,0.19080234833659493,1,4.539685880824066,2215.696945815572,300,0.04740310830451421,BTP,0.025,80,/scratch/westgroup/chlorination/git_hub/halogen-data/cantera/2-BTP/literature_mech/2-BTP_kinetics.cti,4.46981333379577,0.7
0.014999999999999996,,0.10202448210922788,0.6974764595103577,0.1854990583804143,1,5.502138891524445,2050.534323493732,300,0.058851411866511535,BTP,0.015,62,/scratch/westgroup/chlorination/git_hub/halogen-data/cantera/2-BTP/literature_mech/2-BTP_kinetics.cti,6.779456149283125,1.1
,0.030000000000000006,0.07519379844961242,0.7068217054263567,0.18798449612403104,1,2.307542261333222,1948.083758373512,300,0.024198294456694972,CF3BR,0.03,95,/scratch/westgroup/chlorination/git_hub/halogen-data/cantera/2-BTP/literature_mech/2-BTP_kinetics.cti,4.868518096919019,0.8
0.030000000000000002,,0.05750988142292491,0.7207905138339922,0.19169960474308304,1,4.095516653080533,2211.471182152475,300,0.04238086321274402,BTP,0.03,90,/scratch/westgroup/chlorination/git_hub/halogen-data/cantera/2-BTP/literature_mech/2-BTP_kinetics.cti,4.1136343317862245,0.6
,0.03,0.0575098814229249,0.7207905138339921,0.191699604743083,1,0.6910860204081624,1641.321879105864,300,0.00714417248455182,CF3BR,0.03,91,/scratch/westgroup/chlorination/git_hub/halogen-data/cantera/2-BTP/literature_mech/2-BTP_kinetics.cti,4.375880676558827,0.6
0.030000000000000002,,0.10858208955223883,0.68044776119403,0.1809701492537314,1,2.5265912771949077,1828.6866672481742,300,0.02705445916141178,BTP,0.03,100,/scratch/westgroup/chlorination/git_hub/halogen-data/cantera/2-BTP/literature_mech/2-BTP_kinetics.cti,6.973581199254025,1.2
0.030000000000000002,,0.08378119001919386,0.700038387715931,0.18618042226487527,1,3.626418401244365,2042.8707563954367,300,0.03782756331423026,BTP,0.03,96,/scratch/westgroup/chlorination/git_hub/halogen-data/cantera/2-BTP/literature_mech/2-BTP_kinetics.cti,4.5872031823001596,0.9
,0.025,0.0842130518234165,0.7036468330134357,0.1871401151631478,1,3.5426773396498024,2086.8359286801056,300,0.0365065069516422,CF3BR,0.025,85,/scratch/westgroup/chlorination/git_hub/halogen-data/cantera/2-BTP/literature_mech/2-BTP_kinetics.cti,3.5859708554832266,0.9
,0.025,0.05780632411067194,0.724505928853755,0.19268774703557315,1,0.7491219591894219,1645.2865864673952,300,0.007940622882883414,CF3BR,0.025,79,/scratch/westgroup/chlorination/git_hub/halogen-data/cantera/2-BTP/literature_mech/2-BTP_kinetics.cti,6.119735246818634,0.6
,0.035,0.05721343873517786,0.7170750988142292,0.1907114624505929,1,0.6549085143458202,1641.9560058734498,300,0.00666846482272656,CF3BR,0.035,103,/scratch/westgroup/chlorination/git_hub/halogen-data/cantera/2-BTP/literature_mech/2-BTP_kinetics.cti,3.1767404279925198,0.6
,0.035,0.06609589041095891,0.710058708414873,0.18884540117416834,1,1.2558479074285411,1792.1946621636191,300,0.013183612552923534,CF3BR,0.035,105,/scratch/westgroup/chlorination/git_hub/halogen-data/cantera/2-BTP/literature_mech/2-BTP_kinetics.cti,5.107080202489754,0.7
,0.034999999999999996,0.0748062015503876,0.7031782945736433,0.187015503875969,1,2.0883689562823124,1941.1733808326735,300,0.021938411380474976,CF3BR,0.035,107,/scratch/westgroup/chlorination/git_hub/halogen-data/cantera/2-BTP/literature_mech/2-BTP_kinetics.cti,5.336564723760221,0.8
0.03,,0.07519379844961241,0.7068217054263565,0.187984496124031,1,3.9128484012913285,2114.47158799816,300,0.04063952662715958,BTP,0.03,94,/scratch/westgroup/chlorination/git_hub/halogen-data/cantera/2-BTP/literature_mech/2-BTP_kinetics.cti,4.185954757633879,0.8
0.020000000000000004,,0.10970149253731344,0.6874626865671642,0.18283582089552242,1,3.859850354167659,1925.6934342178135,300,0.04155963038105151,BTP,0.02,76,/scratch/westgroup/chlorination/git_hub/halogen-data/cantera/2-BTP/literature_mech/2-BTP_kinetics.cti,7.249614988964137,1.2
,0.030000000000000002,0.08378119001919387,0.700038387715931,0.18618042226487527,1,3.214022568567666,2079.4146759891105,300,0.033326412349744663,CF3BR,0.03,97,/scratch/westgroup/chlorination/git_hub/halogen-data/cantera/2-BTP/literature_mech/2-BTP_kinetics.cti,3.6579715902250496,0.9
0.0024999999999999996,,0.08615642994241841,0.7198848368522072,0.19145873320537427,1,20.361188291534233,2169.222226311225,300,0.21146292016069534,BTP,0.0025,12,/scratch/westgroup/chlorination/git_hub/halogen-data/cantera/2-BTP/literature_mech/2-BTP_kinetics.cti,4.021179052533655,0.9
,0.03500000000000001,0.09995291902071564,0.6833145009416196,0.1817325800376648,1,3.5166760421522842,2110.6615174177723,300,0.03656998897350584,CF3BR,0.035,111,/scratch/westgroup/chlorination/git_hub/halogen-data/cantera/2-BTP/literature_mech/2-BTP_kinetics.cti,3.9736755172999287,1.1
,0.03,0.10047080979284372,0.6868549905838042,0.18267419962335218,1,3.895052687205433,2124.279647996118,300,0.04055056233784505,CF3BR,0.03,99,/scratch/westgroup/chlorination/git_hub/halogen-data/cantera/2-BTP/literature_mech/2-BTP_kinetics.cti,4.321324794958875,1.1
0.035,,0.09995291902071565,0.6833145009416195,0.1817325800376648,1,2.4208926909765918,1850.3372419833254,300,0.02589391375915481,BTP,0.035,110,/scratch/westgroup/chlorination/git_hub/halogen-data/cantera/2-BTP/literature_mech/2-BTP_kinetics.cti,6.9674620727987975,1.1
0.034999999999999996,,0.07480620155038759,0.7031782945736432,0.18701550387596896,1,3.3801666731053643,2062.7580008992354,300,0.03348583833600495,BTP,0.035,106,/scratch/westgroup/chlorination/git_hub/halogen-data/cantera/2-BTP/literature_mech/2-BTP_kinetics.cti,1.3038513899330713,0.8
0.04,,0.0744186046511628,0.6995348837209303,0.186046511627907,1,2.908308608522702,2012.2601823670152,300,0.02881085916827955,BTP,0.04,118,/scratch/westgroup/chlorination/git_hub/halogen-data/cantera/2-BTP/literature_mech/2-BTP_kinetics.cti,1.222218618161315,0.8
,0.035,0.08334932821497121,0.696429942418426,0.18522072936660267,1,2.930579884834224,2072.4084518888253,300,0.03048796495648229,CF3BR,0.035,109,/scratch/westgroup/chlorination/git_hub/halogen-data/cantera/2-BTP/literature_mech/2-BTP_kinetics.cti,4.158150819168641,0.9
0.02,,0.08464491362763917,0.7072552783109404,0.18809980806142035,1,4.969992842374793,2146.252169744326,300,0.05261299511942425,BTP,0.02,72,/scratch/westgroup/chlorination/git_hub/halogen-data/cantera/2-BTP/literature_mech/2-BTP_kinetics.cti,5.8684050412852,0.9
0.04000000000000001,,0.08291746641074857,0.6928214971209213,0.18426103646833014,1,2.6242296017107014,1942.6702807981876,300,0.027060445362829033,BTP,0.04,120,/scratch/westgroup/chlorination/git_hub/halogen-data/cantera/2-BTP/literature_mech/2-BTP_kinetics.cti,3.523800520795114,0.9
,0.04,0.05691699604743083,0.7133596837944663,0.18972332015810275,1,0.6314789276641621,1640.6082038550412,300,0.006436499100016623,CF3BR,0.04,115,/scratch/westgroup/chlorination/git_hub/halogen-data/cantera/2-BTP/literature_mech/2-BTP_kinetics.cti,2.4090965694845585,0.6
0.035,,0.05721343873517787,0.7170750988142293,0.1907114624505929,1,3.8095854913568163,2191.2601502169887,300,0.03825506548943127,BTP,0.035,102,/scratch/westgroup/chlorination/git_hub/halogen-data/cantera/2-BTP/literature_mech/2-BTP_kinetics.cti,0.6192758383287289,0.6
,0.030000000000000002,0.10858208955223883,0.6804477611940299,0.1809701492537314,1,3.832350253609195,2062.154983504543,300,0.04016392137416971,CF3BR,0.03,101,/scratch/westgroup/chlorination/git_hub/halogen-data/cantera/2-BTP/literature_mech/2-BTP_kinetics.cti,4.886347680961063,1.2
0.04000000000000001,,0.10746268656716419,0.6734328358208955,0.17910447761194032,1,1.7243490020645422,1741.657421778817,300,0.017850808833888766,BTP,0.04,124,/scratch/westgroup/chlorination/git_hub/halogen-data/cantera/2-BTP/literature_mech/2-BTP_kinetics.cti,4.971033611315798,1.2
,0.04000000000000001,0.06575342465753424,0.7063796477495109,0.187866927592955,1,1.1548741874070134,1787.6396529344574,300,0.01230219036896654,CF3BR,0.04,117,/scratch/westgroup/chlorination/git_hub/halogen-data/cantera/2-BTP/literature_mech/2-BTP_kinetics.cti,6.937789644594064,0.7
,0.03500000000000001,0.1080223880597015,0.6769402985074627,0.18003731343283585,1,3.428609104957705,2049.7871757297744,300,0.035918830396947064,CF3BR,0.035,113,/scratch/westgroup/chlorination/git_hub/halogen-data/cantera/2-BTP/literature_mech/2-BTP_kinetics.cti,4.631804831184177,1.2
0.039999999999999994,,0.09943502824858758,0.6797740112994349,0.1807909604519774,1,2.011817834203753,1803.7225914715254,300,0.021458991187355364,BTP,0.04,122,/scratch/westgroup/chlorination/git_hub/halogen-data/cantera/2-BTP/literature_mech/2-BTP_kinetics.cti,6.739253133488594,1.1
,0.005,0.11138059701492539,0.6979850746268658,0.18563432835820898,1,13.211834467368563,2125.625061422215,300,0.14193335037191038,CF3BR,0.005,29,/scratch/westgroup/chlorination/git_hub/halogen-data/cantera/2-BTP/literature_mech/2-BTP_kinetics.cti,7.230125197719712,1.2
0.034999999999999996,,0.1080223880597015,0.6769402985074627,0.18003731343283583,1,2.0857253048387046,1783.3974311560278,300,0.022181593168862302,BTP,0.035,112,/scratch/westgroup/chlorination/git_hub/halogen-data/cantera/2-BTP/literature_mech/2-BTP_kinetics.cti,6.604381927207546,1.2
,0.04,0.10746268656716419,0.6734328358208955,0.17910447761194032,1,3.097017617104507,2037.9994610785507,300,0.032277572144811646,CF3BR,0.04,125,/scratch/westgroup/chlorination/git_hub/halogen-data/cantera/2-BTP/literature_mech/2-BTP_kinetics.cti,4.436254010347591,1.2
,0.009999999999999998,0.08550863723608446,0.71447216890595,0.19001919385796545,1,5.863076663537091,2112.883746645566,300,0.06132176593455509,CF3BR,0.01,49,/scratch/westgroup/chlorination/git_hub/halogen-data/cantera/2-BTP/literature_mech/2-BTP_kinetics.cti,4.77349136863048,0.9
0.045,,0.09891713747645951,0.6762335216572505,0.17984934086629004,1,1.6690455250105911,1759.389750197665,300,0.01722791480418417,BTP,0.045,134,/scratch/westgroup/chlorination/git_hub/halogen-data/cantera/2-BTP/literature_mech/2-BTP_kinetics.cti,4.745377445864165,1.1
,0.04,0.07441860465116279,0.6995348837209302,0.18604651162790697,1,1.900767956388497,1932.9294501998518,300,0.01960938175558843,CF3BR,0.04,119,/scratch/westgroup/chlorination/git_hub/halogen-data/cantera/2-BTP/literature_mech/2-BTP_kinetics.cti,5.007797544329854,0.8
0.045,,0.10690298507462685,0.6699253731343283,0.17817164179104478,1,1.4437027979560322,1701.2006765454712,300,0.014890360790912091,BTP,0.045,136,/scratch/westgroup/chlorination/git_hub/halogen-data/cantera/2-BTP/literature_mech/2-BTP_kinetics.cti,4.992622626346653,1.2
0.04,,0.06575342465753425,0.7063796477495109,0.18786692759295504,1,3.1684529325311717,2080.846384491749,300,0.031368348233655925,BTP,0.04,116,/scratch/westgroup/chlorination/git_hub/halogen-data/cantera/2-BTP/literature_mech/2-BTP_kinetics.cti,1.281561855592974,0.7
0.0025,,0.11166044776119403,0.6997388059701493,0.18610074626865675,1,19.961780204993268,2107.939947043786,300,0.21540649510919907,BTP,0.0025,16,/scratch/westgroup/chlorination/git_hub/halogen-data/cantera/2-BTP/literature_mech/2-BTP_kinetics.cti,7.673100523896768,1.2
0.045000000000000005,,0.07403100775193798,0.6958914728682171,0.18507751937984496,1,2.483424997011969,1962.774866583608,300,0.02457621063130254,BTP,0.045,130,/scratch/westgroup/chlorination/git_hub/halogen-data/cantera/2-BTP/literature_mech/2-BTP_kinetics.cti,1.4439986155891407,0.8
,0.045,0.0654109589041096,0.7027005870841487,0.1868884540117417,1,1.100535901562052,1788.4501641144104,300,0.011817648703994018,CF3BR,0.045,129,/scratch/westgroup/chlorination/git_hub/halogen-data/cantera/2-BTP/literature_mech/2-BTP_kinetics.cti,8.03490511400465,0.7
0.034999999999999996,,0.0660958904109589,0.7100587084148727,0.1888454011741683,1,3.6386411162330865,2131.8589196494304,300,0.0361344461040029,BTP,0.035,104,/scratch/westgroup/chlorination/git_hub/halogen-data/cantera/2-BTP/literature_mech/2-BTP_kinetics.cti,0.9766518281536845,0.7
,0.045,0.09891713747645951,0.6762335216572505,0.17984934086629,1,2.9087319932832383,2082.209013559947,300,0.03014889136005056,CF3BR,0.045,135,/scratch/westgroup/chlorination/git_hub/halogen-data/cantera/2-BTP/literature_mech/2-BTP_kinetics.cti,3.6143075218050758,1.1
,0.045,0.074031007751938,0.695891472868217,0.18507751937984496,1,1.7372680263349045,1925.4397365554794,300,0.01791458644712957,CF3BR,0.045,131,/scratch/westgroup/chlorination/git_hub/halogen-data/cantera/2-BTP/literature_mech/2-BTP_kinetics.cti,4.742111861142064,0.8
,0.045,0.08248560460652593,0.6892130518234166,0.18330134357005762,1,2.44807521095019,2055.9291103724154,300,0.025555773701796826,CF3BR,0.045,133,/scratch/westgroup/chlorination/git_hub/halogen-data/cantera/2-BTP/literature_mech/2-BTP_kinetics.cti,4.551854702362995,0.9
,0.05,0.05632411067193675,0.7059288537549406,0.18774703557312253,1,0.6026200588647113,1642.0998558943954,300,0.006367444364125729,CF3BR,0.05,139,/scratch/westgroup/chlorination/git_hub/halogen-data/cantera/2-BTP/literature_mech/2-BTP_kinetics.cti,5.707918124343178,0.6
,0.04,0.08291746641074857,0.6928214971209213,0.18426103646833014,1,2.670226431516421,2064.0373779701554,300,0.02784980318695411,CF3BR,0.04,121,/scratch/westgroup/chlorination/git_hub/halogen-data/cantera/2-BTP/literature_mech/2-BTP_kinetics.cti,4.306518828293059,0.9
,0.02,0.10970149253731343,0.6874626865671641,0.1828358208955224,1,4.988170774359812,2085.792929845801,300,0.053562935579477645,CF3BR,0.02,77,/scratch/westgroup/chlorination/git_hub/halogen-data/cantera/2-BTP/literature_mech/2-BTP_kinetics.cti,7.078454284376441,1.2
,0.015000000000000003,0.07635658914728684,0.7177519379844962,0.1908914728682171,1,3.4349973632308637,1968.7354624361062,300,0.03636825998016639,CF3BR,0.015,59,/scratch/westgroup/chlorination/git_hub/halogen-data/cantera/2-BTP/literature_mech/2-BTP_kinetics.cti,5.82522021008133,0.8
0.034999999999999996,,0.08334932821497121,0.696429942418426,0.18522072936660267,1,3.0891458558736913,1993.455690621508,300,0.0320643534387166,BTP,0.035,108,/scratch/westgroup/chlorination/git_hub/halogen-data/cantera/2-BTP/literature_mech/2-BTP_kinetics.cti,4.131203057947895,0.9
0.049999999999999996,,0.10634328358208957,0.6664179104477613,0.17723880597014927,1,1.2228947461483548,1665.1340047473725,300,0.012642946904884834,BTP,0.05,148,/scratch/westgroup/chlorination/git_hub/halogen-data/cantera/2-BTP/literature_mech/2-BTP_kinetics.cti,5.463831781919005,1.2
0.05000000000000001,,0.07364341085271318,0.6922480620155039,0.18410852713178297,1,2.104077774465059,1912.522972474804,300,0.020891794148612933,BTP,0.05,142,/scratch/westgroup/chlorination/git_hub/halogen-data/cantera/2-BTP/literature_mech/2-BTP_kinetics.cti,0.948600350333351,0.8
,0.045,0.10690298507462687,0.6699253731343283,0.17817164179104478,1,2.8191584573904303,2025.5579220532968,300,0.029554039666455482,CF3BR,0.045,137,/scratch/westgroup/chlorination/git_hub/halogen-data/cantera/2-BTP/literature_mech/2-BTP_kinetics.cti,4.949258738247312,1.2
,0.05,0.07364341085271318,0.6922480620155039,0.18410852713178294,1,1.6129821759228269,1920.2779053316187,300,0.01674939943749336,CF3BR,0.05,143,/scratch/westgroup/chlorination/git_hub/halogen-data/cantera/2-BTP/literature_mech/2-BTP_kinetics.cti,4.789672521550152,0.8
0.045,,0.08248560460652592,0.6892130518234164,0.18330134357005756,1,2.2096844579737582,1892.3715153185092,300,0.022018408702036685,BTP,0.045,132,/scratch/westgroup/chlorination/git_hub/halogen-data/cantera/2-BTP/literature_mech/2-BTP_kinetics.cti,0.40737504462607105,0.9
0.007499999999999999,,0.08572456813819578,0.7162763915547025,0.1904990403071017,1,8.056086834622311,2222.9311920428026,300,0.08576964551564223,BTP,0.0075,36,/scratch/westgroup/chlorination/git_hub/halogen-data/cantera/2-BTP/literature_mech/2-BTP_kinetics.cti,6.458027258209969,0.9
0.045000000000000005,,0.056620553359683794,0.7096442687747037,0.18873517786561267,1,2.9709054036422615,2095.220090369128,300,0.029611041209823528,BTP,0.045,126,/scratch/westgroup/chlorination/git_hub/halogen-data/cantera/2-BTP/literature_mech/2-BTP_kinetics.cti,0.40893616783569076,0.6
0.045000000000000005,,0.0654109589041096,0.7027005870841488,0.18688845401174173,1,2.7429338897387527,2029.8812460477156,300,0.027139298848718126,BTP,0.045,128,/scratch/westgroup/chlorination/git_hub/halogen-data/cantera/2-BTP/literature_mech/2-BTP_kinetics.cti,1.3890457826293163,0.7
0.029999999999999995,,0.06643835616438355,0.7137377690802349,0.18982387475538162,1,4.120589330970508,2179.750315302425,300,0.04241225227008694,BTP,0.03,92,/scratch/westgroup/chlorination/git_hub/halogen-data/cantera/2-BTP/literature_mech/2-BTP_kinetics.cti,3.107069173429256,0.7
0.015,,0.06746575342465755,0.724774951076321,0.19275929549902157,1,4.72307375371641,2137.930198378586,300,0.050345489747736234,BTP,0.015,56,/scratch/westgroup/chlorination/git_hub/halogen-data/cantera/2-BTP/literature_mech/2-BTP_kinetics.cti,7.3679377912883,0.7
0.007499999999999999,,0.10280131826741998,0.7027871939736346,0.1869114877589454,1,,2137.5542629256443,300,,BTP,0.0075,38,/scratch/westgroup/chlorination/git_hub/halogen-data/cantera/2-BTP/literature_mech/2-BTP_kinetics.cti,,1.1
0.05000000000000002,,0.06506849315068494,0.6990215264187869,0.18590998043052842,1,2.3571235670189368,1979.6894580200906,300,0.02333776536081529,BTP,0.05,140,/scratch/westgroup/chlorination/git_hub/halogen-data/cantera/2-BTP/literature_mech/2-BTP_kinetics.cti,1.31067639767913,0.7
0.025,,0.07558139534883722,0.7104651162790698,0.18895348837209303,1,4.474598642225805,2164.8333040515927,300,0.046912761112709915,BTP,0.025,82,/scratch/westgroup/chlorination/git_hub/halogen-data/cantera/2-BTP/literature_mech/2-BTP_kinetics.cti,4.7334151893647975,0.8
,0.05000000000000001,0.08205374280230326,0.6856046065259116,0.18234165067178504,1,2.2606691488624286,2049.5992789419392,300,0.023881892026663364,CF3BR,0.05,145,/scratch/westgroup/chlorination/git_hub/halogen-data/cantera/2-BTP/literature_mech/2-BTP_kinetics.cti,5.668293563102886,0.9
,0.04499999999999999,0.05662055335968378,0.7096442687747034,0.1887351778656126,1,0.6079089922264239,1639.489240014393,300,0.006349655275136469,CF3BR,0.045,127,/scratch/westgroup/chlorination/git_hub/halogen-data/cantera/2-BTP/literature_mech/2-BTP_kinetics.cti,5.714413883730199,0.6
0.030000000000000002,,0.10047080979284372,0.6868549905838043,0.18267419962335218,1,2.916472753346044,1899.5372599214422,300,0.031226235944244642,BTP,0.03,98,/scratch/westgroup/chlorination/git_hub/halogen-data/cantera/2-BTP/literature_mech/2-BTP_kinetics.cti,6.861414433879668,1.1
0.04000000000000001,,0.056916996047430835,0.7133596837944665,0.18972332015810278,1,3.399488657647356,2145.0390475882523,300,0.0337305682269439,BTP,0.04,114,/scratch/westgroup/chlorination/git_hub/halogen-data/cantera/2-BTP/literature_mech/2-BTP_kinetics.cti,1.0891088189398697,0.6
0.004999999999999999,,0.0859404990403071,0.7180806142034548,0.190978886756238,1,,2208.955639042325,300,,BTP,0.005,24,/scratch/westgroup/chlorination/git_hub/halogen-data/cantera/2-BTP/literature_mech/2-BTP_kinetics.cti,,0.9
0.05,,0.08205374280230326,0.6856046065259116,0.182341650671785,1,1.8448075433193336,1844.3332898624137,300,0.01847823658271541,BTP,0.05,144,/scratch/westgroup/chlorination/git_hub/halogen-data/cantera/2-BTP/literature_mech/2-BTP_kinetics.cti,1.1830330769151327,0.9
0.05,,0.09839924670433146,0.6726930320150659,0.17890772128060264,1,1.4010167602026389,1719.8693501317803,300,0.0143818276237124,BTP,0.05,146,/scratch/westgroup/chlorination/git_hub/halogen-data/cantera/2-BTP/literature_mech/2-BTP_kinetics.cti,4.659519604684419,1.1
0.004999999999999999,,0.103060263653484,0.7045574387947269,0.1873822975517891,1,,2163.3689745958113,300,,BTP,0.005,26,/scratch/westgroup/chlorination/git_hub/halogen-data/cantera/2-BTP/literature_mech/2-BTP_kinetics.cti,,1.1
,0.049999999999999996,0.10634328358208955,0.6664179104477612,0.17723880597014927,1,2.571971162747903,2013.0455973811593,300,0.02714097813571609,CF3BR,0.05,149,/scratch/westgroup/chlorination/git_hub/halogen-data/cantera/2-BTP/literature_mech/2-BTP_kinetics.cti,5.429357460902862,1.2
,0.02,0.08464491362763917,0.7072552783109405,0.18809980806142035,1,3.9753218105604615,2095.631987270829,300,0.04170204903951474,CF3BR,0.02,73,/scratch/westgroup/chlorination/git_hub/halogen-data/cantera/2-BTP/literature_mech/2-BTP_kinetics.cti,5.337970394774377,0.9
0.025,,0.057806324110671936,0.724505928853755,0.19268774703557312,1,4.1434257173576325,2176.8629304846495,300,0.04208584929300515,BTP,0.025,78,/scratch/westgroup/chlorination/git_hub/halogen-data/cantera/2-BTP/literature_mech/2-BTP_kinetics.cti,2.0025139404559327,0.6
,0.05,0.09839924670433146,0.6726930320150658,0.17890772128060264,1,2.664032087337318,2067.598643654437,300,0.02784880083456169,CF3BR,0.05,147,/scratch/westgroup/chlorination/git_hub/halogen-data/cantera/2-BTP/literature_mech/2-BTP_kinetics.cti,4.500119739443805,1.1
,0.05000000000000001,0.06506849315068493,0.6990215264187868,0.1859099804305284,1,1.030079029513516,1783.5073183358286,300,0.011193900428616217,CF3BR,0.05,141,/scratch/westgroup/chlorination/git_hub/halogen-data/cantera/2-BTP/literature_mech/2-BTP_kinetics.cti,8.344358809541166,0.7
,0.04,0.09943502824858759,0.679774011299435,0.1807909604519774,1,3.1908329919794003,2096.2070423552304,300,0.03334724496665948,CF3BR,0.04,123,/scratch/westgroup/chlorination/git_hub/halogen-data/cantera/2-BTP/literature_mech/2-BTP_kinetics.cti,4.690880691825091,1.1
0.05000000000000001,,0.05632411067193677,0.7059288537549407,0.18774703557312256,1,2.565484908528005,2043.0264908773427,300,0.025537555339235588,BTP,0.05,138,/scratch/westgroup/chlorination/git_hub/halogen-data/cantera/2-BTP/literature_mech/2-BTP_kinetics.cti,0.594818196481559,0.6
,0.005,0.0859404990403071,0.7180806142034548,0.190978886756238,1,,2089.455297524066,300,,CF3BR,0.005,25,/scratch/westgroup/chlorination/git_hub/halogen-data/cantera/2-BTP/literature_mech/2-BTP_kinetics.cti,,0.9
,0.004999999999999999,0.103060263653484,0.704557438794727,0.1873822975517891,1,13.081236512802597,2198.5606106304604,300,0.14046516037926549,CF3BR,0.005,27,/scratch/westgroup/chlorination/git_hub/halogen-data/cantera/2-BTP/literature_mech/2-BTP_kinetics.cti,7.342657944992331,1.1
0.0024999999999999996,,0.10331920903954804,0.7063276836158192,0.18785310734463279,1,,2144.430660731126,300,,BTP,0.0025,14,/scratch/westgroup/chlorination/git_hub/halogen-data/cantera/2-BTP/literature_mech/2-BTP_kinetics.cti,,1.1
,0.01,0.11082089552238807,0.6944776119402986,0.18470149253731347,1,7.957792271377394,2112.090166445785,300,0.08808136384912443,CF3BR,0.01,53,/scratch/westgroup/chlorination/git_hub/halogen-data/cantera/2-BTP/literature_mech/2-BTP_kinetics.cti,10.367731597040017,1.2
,0.0024999999999999996,0.11166044776119402,0.6997388059701491,0.18610074626865672,1,,2086.8699922913493,300,,CF3BR,0.0025,17,/scratch/westgroup/chlorination/git_hub/halogen-data/cantera/2-BTP/literature_mech/2-BTP_kinetics.cti,,1.2
,0.007499999999999998,0.07693798449612403,0.7232170542635659,0.19234496124031006,1,5.588033271047772,1979.7851527097544,300,0.05913174325955635,CF3BR,0.0075,35,/scratch/westgroup/chlorination/git_hub/halogen-data/cantera/2-BTP/literature_mech/2-BTP_kinetics.cti,5.681151251655278,0.8
,0.0024999999999999996,0.08615642994241843,0.7198848368522072,0.19145873320537427,1,,2114.341066291656,300,,CF3BR,0.0025,13,/scratch/westgroup/chlorination/git_hub/halogen-data/cantera/2-BTP/literature_mech/2-BTP_kinetics.cti,,0.9
